id,name,lat,lng,nation,naissance,mort,c_date,e,e_date,genre,ocupation,link,WP
2,Jean Rostand,46.603354,1.8883335,France,1894-10-30,1977-04-09,1953-08-03,148,1966-10-15,Homme,de la biologie,https://external-content.duckduckgo.com/iu/?u=http%3A%2F%2Fbiografieonline.it%2Fimg%2Fbio%2FJean_Rostand_1.jpg&f=1&nofb=1&ipt=54c77d9e4645aef5fdf8b499ca31d07ffd0dcfa528a336f046aa522162aea296,https://fr.wikipedia.org/wiki/Jean_Rostand
121,Asger Aaboe,55.670249,10.3333283,Denmark,1922-04-26,2007-01-19,1966-04-10,174,1971-11-01,Homme,des mathematiques,https://external-content.duckduckgo.com/iu/?u=https%3A%2F%2Fmathshistory.st-andrews.ac.uk%2FBiographies%2FAaboe%2Fthumbnail.jpg&f=1&nofb=1&ipt=0596d5c6c30af34642bb2dc3d9949c5342a5e0c1abd5a0433dd3012b8ca71ad0,https://fr.wikipedia.org/wiki/Asger_Aaboe
125,Joaquim de Carvalho,38.7077507,-9.1365919,Portugal,1892-10-06,1958-10-27,1934-02-03,100,1957-10-07,Homme,philosophe des sciences,https://external-content.duckduckgo.com/iu/?u=https%3A%2F%2Fc8.alamy.com%2Fcomp%2F2CCW973%2Fjoaquim-de-carvalho-1927-2CCW973.jpg&f=1&nofb=1&ipt=055f422e399d4fae47ab01f8b42b28370479a659ab1fc1502ce2dbaff85a7792,https://pt.wikipedia.org/wiki/Joaquim_de_Carvalho
132,Paul Delaunay,46.603354,1.8883335,France,1878-02-16,1958-03-02,1929-05-21,77,1955-05-07,Homme,de la medecine,https://cths.fr/_files/an/pr/img_107607.jpg,https://fr.wikipedia.org/wiki/Paul_Delaunay
140,Eduard Dijksterhuis,52.24764975,5.54124685,Pays-Bas,1892-10-28,1965-05-18,1947-03-06,74,1952-05-03,Homme,editeur,https://external-content.duckduckgo.com/iu/?u=https%3A%2F%2Fmathshistory.st-andrews.ac.uk%2FBiographies%2FDijksterhuis%2Fthumbnail.jpg&f=1&nofb=1&ipt=281a99eb5fa1890c38c53c850b480e4c4e3221bd476abe6ed3ebf02d005db677,https://fr.wikipedia.org/wiki/Eduard_Jan_Dijksterhuis
142,Hugo Dingler,51.1638175,52.52,Allemagne,1881-07-07,1954-06-29,1929-03-20,34,1933-06-02,Homme,des mathematiques,https://external-content.duckduckgo.com/iu/?u=https%3A%2F%2Fbibliofilosofiamilano.files.wordpress.com%2F2015%2F12%2Fdinglerhugo_1.jpg&f=1&nofb=1&ipt=8a208b3219f7750b174d9a3c6a09e805ae6d9cbc39e13a2cf229d45042d5b6c8,https://en.wikipedia.org/wiki/Hugo_Dingler
143,Ahmed Djebbar,36.2657178,31.2333,France,1941-02-08,,1995-02-02,310,2005-12-28,Homme,des mathematiques,https://external-content.duckduckgo.com/iu/?u=https%3A%2F%2Fcdn-s-www.estrepublicain.fr%2Fimages%2F2EA956C2-0CBE-4851-A156-B805AC2501B2%2FNW_raw%2Fahmed-djebbar-professeur-emerite-en-mathematique-photo-er-dr-1670840991.jpg&f=1&nofb=1&ipt=1d82b0870f4e4308318e1846aa3da06ffbfba10d466dee744529fb05e9d8630d,https://fr.wikipedia.org/wiki/Ahmed_Djebbar
160,Federigo Enriques,43.33,10.19,Italie,1871-05-01,1946-06-14,1933-06-02,37,1934-03-03,Homme,editeur,https://external-content.duckduckgo.com/iu/?u=http%3A%2F%2Fwww.mathisintheair.org%2Fwp%2Fwp-content%2Fuploads%2F2019%2F11%2FFederigo_Enriques.jpg&f=1&nofb=1&ipt=1decc2432cc9cad68fa47366f6bca2ba94956a70ad4e38a10bdd1466d50978d8,https://fr.wikipedia.org/wiki/Federigo_Enriques
167,Emil Fellmann,46.7985624,52.52,Suisse,1927-09-17,2012-05-18,1971-11-01,225,1983-04-15,Homme,,https://external-content.duckduckgo.com/iu/?u=https%3A%2F%2Fopc.mfo.de%2FphotoNormal%3Fid%3D15862&f=1&nofb=1&ipt=8b1e828629f503279812d1b5f5f2be9f00a8a4934e0ee2024f540fd2996d963f,https://de.wikipedia.org/wiki/Emil_Fellmann
171,Joachim Fleckenstein,51.1638175,53.55,Suisse,1914-07-07,1980-02-21,1960-02-15,160,1967-12-24,Homme,des mathematiques,,https://de.wikipedia.org/wiki/Joachim_Otto_Fleckenstein
172,Eric Forbes,39.7837304,53.55,Royaume-Uni,1933-01-01,1984-01-01,1974-02-18,216,1981-03-20,Homme,,https://upload.wikimedia.org/wikipedia/commons/thumb/6/65/Eric_Gray_Forbes._Photograph._Wellcome_V0026386.jpg/960px-Eric_Gray_Forbes._Photograph._Wellcome_V0026386.jpg,https://en.wikipedia.org/wiki/Eric_G._Forbes
187,Jean Gayon,46.603354,53.55,France,1949-06-15,2018-04-28,1974-02-18,369,2010-04-12,Homme,de la biologie,https://external-content.duckduckgo.com/iu/?u=https%3A%2F%2Fwww.universalis.fr%2Ftypo3temp%2Fassets%2F_processed_%2F1%2F2%2Fcsm_ph170229_26154af94e.webp&f=1&nofb=1&ipt=3008a190e9e75f70b3e72f3accc70871f1ab4601ea46337ea4d25d8687f327dc,https://fr.wikipedia.org/wiki/Jean_Gayon
193,Ludovico Geymonat,41.8933203,53.55,Italie,1908-11-05,1991-11-29,1963-06-26,202,1974-02-18,Homme,philosophe des sciences,https://external-content.duckduckgo.com/iu/?u=https%3A%2F%2Fpociopocio.altervista.org%2Fwp-content%2Fuploads%2F2020%2F12%2FGeymonat.jpg&f=1&nofb=1&ipt=77f2bb83dcc483b51c2975d654ae51c4f7db27ef4d3d6b5301177a903c5e15cf,https://fr.wikipedia.org/wiki/Ludovico_Geymonat
195,Bertrand Gille,46.603354,48.1375,France,1920-03-29,1980-11-30,1963-06-26,181,1971-11-01,Homme,archiviste,https://external-content.duckduckgo.com/iu/?u=https%3A%2F%2Frdv-histoire.com%2Fsites%2Frdvhistoire%2Ffiles%2Fstyles%2Fauto_1920%2Fpublic%2Fimport_migration%2Fbertrand_gilles_photo.jpeg%3Fitok%3DNoTcvS5t&f=1&nofb=1&ipt=9ab34ae81aa9f6509ef9836bf72aa15aeae4ef504a374ac12215567212e8b660,https://fr.wikipedia.org/wiki/Bertrand_Gille_(historien)
196,Owen Gingerich,39.7837304,48.1375,Etats Unis,1930-03-24,2023-05-28,1974-02-18,230,1984-09-11,Homme,des mathematiques,https://external-content.duckduckgo.com/iu/?u=https%3A%2F%2Fd37adozyy71gtb.cloudfront.net%2Fwp-content%2Fuploads%2F2023%2F06%2Fgingerich-2004-r.jpg&f=1&nofb=1&ipt=6169e2d4a334e73969fe827d0e48e725e82d876029cbe54943b2cb751451ad68,https://fr.wikipedia.org/wiki/Owen_Gingerich
198,Mario Gliozzi,41.8933203,48.1375,Italie,1899-03-24,1977-09-06,1936-10-02,64,1948-01-04,Homme,de la physique,https://upload.wikimedia.org/wikipedia/commons/3/3a/MarioGliozzi.jpg,https://it.wikipedia.org/wiki/Mario_Gliozzi
199,Walther Artelt,51.1638175,50.9364,Allemagne,1906-07-23,1976-01-26,1957-11-09,106,1960-02-15,Homme,de la medecine,,https://de.wikipedia.org/wiki/Walter_Artelt
204,Danielle Gourevitch,46.603354,50.9364,France,1941-01-21,2021-06-13,1995-02-02,297,1999-05-05,Femme,philologue,https://external-content.duckduckgo.com/iu/?u=https%3A%2F%2Fwww.babelio.com%2Fusers%2FAVT_Danielle-Gourevitch_5436.jpeg&f=1&nofb=1&ipt=55134046c96c380f7e7def4095619867e2a7e3dffc11217e96aa5e2862b65765,https://fr.wikipedia.org/wiki/Danielle_Gourevitch
206,Ivor Grattan-Guinness,51.5074456,50.9364,Royaume-Uni,1941-06-23,2014-12-12,1986-11-30,263,1991-01-30,Homme,des mathematiques,https://external-content.duckduckgo.com/iu/?u=https%3A%2F%2Fmathshistory.st-andrews.ac.uk%2FBiographies%2FGrattan-Guinness%2FGrattan-Guinness_4.jpeg&f=1&nofb=1&ipt=218ecfb9e4ff64aba2858e19e38a2da5ec582eca4238071ccc50ce676be18d16,https://fr.wikipedia.org/wiki/Ivor_Grattan-Guinness
229,Charles Homer Haskins,39.7837304,50.9364,Etats Unis,1870-12-21,1937-05-14,,12,1928-02-12,Homme,editeur,https://external-content.duckduckgo.com/iu/?u=https%3A%2F%2Feditoradanubio.com.br%2Fwp-content%2Fuploads%2F2019%2F08%2Fautor-Charles-Homer-Haskins.png&f=1&nofb=1&ipt=437da53e431cf602772904eb63fdcc98c492a2a7e61f376524f0392b696d83d7,https://fr.wikipedia.org/wiki/Charles_Homer_Haskins
231,Thomas Heath,51.5074456,50.1106,Royaume-Uni,1861-05-10,1940-03-16,,13,1928-12-02,Homme,des mathematiques,https://external-content.duckduckgo.com/iu/?u=https%3A%2F%2Fkids.kiddle.co%2Fimages%2Fthumb%2F9%2F93%2FThomas_Little_Heath.jpg%2F300px-Thomas_Little_Heath.jpg&f=1&nofb=1&ipt=eb052d69649e00667f47d091370357b5db4475574574e9aeed6f6239903368a8,https://fr.wikipedia.org/wiki/Thomas_Heath
232,Erwin Ackerknecht,39.7837304,50.1106,Suisse,1906-01-06,1988-11-18,1951-03-10,105,1960-02-15,Homme,antropologue,https://external-content.duckduckgo.com/iu/?u=https%3A%2F%2Falchetron.com%2Fcdn%2Ferwin-ackerknecht-991444fd-d633-4ffd-9983-243a0558e61-resize-750.jpeg&f=1&nofb=1&ipt=657c69903338d22f737cc034c93059433ac795397a1d569d6c81eaa2fbdc407c,https://en.wikipedia.org/wiki/Erwin_Ackerknecht
236,Clarisse Hellman,40.7127281,50.1106,Etats Unis,1910-08-28,1973-03-28,1963-06-26,171,1969-01-12,Femme,de la physique,https://external-content.duckduckgo.com/iu/?u=https%3A%2F%2Fmujeresconciencia.com%2Fapp%2Fuploads%2F2015%2F08%2FHellman.jpg&f=1&nofb=1&ipt=70e2ef663d52dab989740a96144806409078351aa2caa68fb00e756fae41c5b7,https://en.wikipedia.org/wiki/C._Doris_Hellman
239,John Herivel,51.5074456,48.7775,Royaume-Uni,1918-08-29,2011-01-18,1966-10-15,205,1976-04-05,Homme,des mathematiques,https://external-content.duckduckgo.com/iu/?u=https%3A%2F%2Fmathshistory.st-andrews.ac.uk%2FBiographies%2FHerivel%2FHerivel_3.jpeg&f=1&nofb=1&ipt=78951ba5c98e93fdbe262e0d346f65206e2ee85a66a2039350df570c6dac8f8c,https://fr.wikipedia.org/wiki/John_Herivel
244,Miguel Asin Palacios,41.6521342,48.7775,Espagne,1871-05-07,1944-12-08,1929-05-21,30,1931-02-15,Homme,philologue,https://external-content.duckduckgo.com/iu/?u=https%3A%2F%2Fwww.ecured.cu%2Fimages%2F4%2F4d%2FMiguel_As%25C3%25ADn_Palacios_1.jpg&f=1&nofb=1&ipt=a38c5faccce996c30578fa403f9142b7e709ef88749cc941d61a5bd828fbe1ed,https://fr.wikipedia.org/wiki/Miguel_As%C3%ADn_Palacios
247,Joseph Hofmann,51.1638175,48.7775,Allemagne,1900-07-03,1973-07-05,1960-02-15,136,1963-06-26,Homme,,https://external-content.duckduckgo.com/iu/?u=https%3A%2F%2Farchxde.com%2Fwp-content%2Fuploads%2F2023%2F04%2FHoffmann-Josef.jpg&f=1&nofb=1&ipt=f80c497d24173701bfaeaed751c7ff3d39fdaaf22fb713d0fa8701f7a5298e81,https://en.wikipedia.org/wiki/Joseph_Ehrenfried_Hofmann
254,Michael Hoskin,51.5074456,48.7775,Royaume-Uni,1930-02-27,2021-05-12,1965-06-26,197,1974-02-18,Homme,de la physique,https://upload.wikimedia.org/wikipedia/commons/thumb/a/a0/Michael_Hoskin%2C_busto_en_Antequera.jpg/960px-Michael_Hoskin%2C_busto_en_Antequera.jpg,https://fr.wikipedia.org/wiki/Michael_Hoskin
255,Gaston Bachelard,46.603354,1.8883335,France,1884-06-27,1962-10-16,1947-03-06,60,1948-01-04,Homme,philosophe des sciences,https://www.babelio.com/users/AVT_Gaston-Bachelard_9467.jpg,https://fr.wikipedia.org/wiki/Gaston_Bachelard
258,Pierre Huard,46.603354,1.8883335,France,1901-10-16,1983-04-28,1958-08-21,109,1960-02-15,Homme,de la medecine,https://external-content.duckduckgo.com/iu/?u=https%3A%2F%2Fasap.univ-lille.fr%2Ffileadmin%2F_processed_%2F4%2F3%2Fcsm_Huard_172894b083.jpg&f=1&nofb=1&ipt=5675e534964c05305abf1f5899772dc13abd56d2e64b27580a9b3ca73869c0c0,https://fr.wikipedia.org/wiki/Pierre_Huard
266,Suzanne Bachelard,46.603354,1.8883335,France,1919-10-18,2007-03-11,1966-10-15,203,1976-05-04,Femme,philosophe des sciences,https://external-content.duckduckgo.com/iu/?u=https%3A%2F%2Fwww.omecaphes.ens.fr%2Ffiles%2Fsquare%2F5eccd93d730308e61bd14acabe9ac1eb1b5f2ca3.jpg&f=1&nofb=1&ipt=4be6435cdeeb04bd6652225bf1c211c150d52dd93c3fb7535e1257947599c716,https://fr.wikipedia.org/wiki/Suzanne_Bachelard
268,Ekmeleddin Ihsanoglu,38.9597594,34.9249653,Turquie,1943-12-26,,1995-02-02,290,1999-05-05,Homme,homme d'etat,https://external-content.duckduckgo.com/iu/?u=http%3A%2F%2Fwww.ihsanoglu.org%2Fimages%2FContentImage%2FHomeContentImage.png&f=1&nofb=1&ipt=b5686a046b63f6b751ca08682e5e96ccb44970444a551893d4804da2b97e1a3d,https://fr.wikipedia.org/wiki/Ekmeleddin_%C4%B0hsano%C4%9Flu
272,Jean Itard,46.603354,1.8883335,France,1902-06-16,1979-05-08,1951-10-03,161,1967-12-24,Homme,des mathematiques,,https://fr.wikipedia.org/wiki/Jean_Itard_(historien)
277,Stefan Balan,44.43225,26.10626,Roumanie,1913-01-01,1991-03-26,1978-06-21,218,1981-03-20,Homme,de la technique,https://external-content.duckduckgo.com/iu/?u=https%3A%2F%2Fjurnalfm.ro%2Fwp-content%2Fuploads%2F2025%2F01%2F291px-Stefan_Balan.01.jpg&f=1&nofb=1&ipt=0a554892246d7a8ded0511e27831fbc2904664ca9c574ef1f24ff1e001a31c92,https://ro.wikipedia.org/wiki/%C8%98tefan_B%C4%83lan
284,Karine Chemla,46.603354,1.8883335,France,1957-08-02,1997-05-28,,324,2005-12-28,Femme,des mathematiques,https://external-content.duckduckgo.com/iu/?u=https%3A%2F%2Falchetron.com%2Fcdn%2Fkarine-chemla-4a453f07-ba2c-4cdc-95aa-c0106b759b0-resize-750.jpeg&f=1&nofb=1&ipt=39bdf105403b676de0153fc116cc7d8375d7697dbc206eb3bea5ccc95dac900d,https://fr.wikipedia.org/wiki/Karine_Chemla
289,Bonifatij Kedrov,48.4680221,35.0417711,URSS,1903-11-27,1985-10-09,1963-06-26,156,1966-10-15,Homme,philosophe des sciences,https://external-content.duckduckgo.com/iu/?u=https%3A%2F%2Fwww.marxists.org%2Fportugues%2Fdicionario%2Fimg%2Fk%2Fkedrov_bonifatiy_mikhailovich.jpg&f=1&nofb=1&ipt=ef048d35f54d3df8f824da2d95d36219a21acb786984ea487f313ef44a7dde0d,https://en.wikipedia.org/wiki/Bonifaty_Kedrov
290,Edward Kennedy,39.7837304,-100.445882,Etats Unis,1912-03-01,2009-04-05,1965-06-26,182,1971-01-11,Homme,des mathematiques,https://upload.wikimedia.org/wikipedia/ru/9/91/%D0%9A%D0%B5%D0%B4%D1%80%D0%BE%D0%B2%2C_%D0%91%D0%BE%D0%BD%D0%B8%D1%84%D0%B0%D1%82%D0%B8%D0%B9_%D0%9C%D0%B8%D1%85%D0%B0%D0%B9%D0%BB%D0%BE%D0%B2%D0%B8%D1%87.png?20150217170606,https://fr.wikipedia.org/wiki/Edward_Stewart_Kennedy
295,Martin Klein,39.7837304,-100.445882,Etats Unis,1924-06-25,2009-03-28,1971-01-11,240,1986-11-30,Homme,de la physique,https://upload.wikimedia.org/wikipedia/ru/a/a2/Martin_J._Klein.jpg,https://fr.wikipedia.org/wiki/Martin_J._Klein
297,Friedrich Klemm,51.1638175,10.4478313,Allemagne,1904-01-22,1983-03-16,1961-02-20,183,1971-01-11,Homme,archiviste,,https://fr.wikipedia.org/wiki/Friedrich_Klemm
301,Akira Kobori,35.6821936,139.762221,Japon,1904-10-09,1992-08-12,1958-08-21,132,1961-02-20,Homme,des mathematiques,https://external-content.duckduckgo.com/iu/?u=https%3A%2F%2Fopc.mfo.de%2FphotoNormal%3Fid%3D657&f=1&nofb=1&ipt=7fac59fd2e0ef46cfe2fcb8cbb237e377be4e9ebbd077971532e568abd6c9ec1,https://ja.wikipedia.org/wiki/%E5%B0%8F%E5%A0%80%E6%86%B2
310,Henryk Barycz,52.2319581,21.0067249,Pologne,1901-06-26,1994-09-03,1965-06-26,176,1971-11-01,Homme,editeur,https://external-content.duckduckgo.com/iu/?u=https%3A%2F%2Fs.lubimyczytac.pl%2Fupload%2Fauthors%2F46753%2F23719-352x500.jpg&f=1&nofb=1&ipt=c1ce9c19beee7a2db9a35d4aed2791078b551755b6858590996e53e38ed7e598,https://pl.wikipedia.org/wiki/Henryk_Barycz
314,Thomas Kuhn,39.7837304,-100.445882,Etats Unis,1922-07-18,1996-06-17,1961-02-20,150,1966-10-15,Homme,philosophe des sciences,https://external-content.duckduckgo.com/iu/?u=https%3A%2F%2Fmedia.snl.no%2Fmedia%2F70667%2Fstandard_thomas_kuhn.v1.jpg&f=1&nofb=1&ipt=de4439e22e798be384ac5a2696b829ecc8877a2b8fe1b30338c4a0401c817880,https://fr.wikipedia.org/wiki/Thomas_Kuhn
315,Paul Kunitzsch,48.1375,11.575,Allemagne,1930-01-01,2020-07-05,1967-12-24,244,1986-11-30,Homme,,https://external-content.duckduckgo.com/iu/?u=https%3A%2F%2Fwww.qdl.qa%2Fsites%2Fdefault%2Ffiles%2Fstyles%2Fauthor_photo%2Fpublic%2Fpaul_kunitzsch.jpg%3Fitok%3DfkkOSyhk&f=1&nofb=1&ipt=c31eda0b8ae4ddd46476ba8aec1b2da20acac10ab753c25562c992f22c878ae7,https://fr.wikipedia.org/wiki/Paul_Kunitzsch
317,Boris Kuznecov,48.4680221,35.0417711,URSS,1903-05-10,1984-05-09,1960-02-15,131,1961-02-20,Homme,,https://upload.wikimedia.org/wikipedia/ru/4/47/%D0%9A%D1%83%D0%B7%D0%BD%D0%B5%D1%86%D0%BE%D0%B2%2C_%D0%91%D0%BE%D1%80%D0%B8%D1%81_%D0%93%D1%80%D0%B8%D0%B3%D0%BE%D1%80%D1%8C%D0%B5%D0%B2%D0%B8%D1%87.jpg,https://fr.wikipedia.org/wiki/Boris_Kouznetsov_(physicien)
321,Isabella Bashmakova,47.2216548,39.7096061,URSS,1921-03-01,2005-07-17,1967-12-24,175,1971-11-01,Femme,des mathematiques,https://external-content.duckduckgo.com/iu/?u=https%3A%2F%2Fstatic.pantheon.world%2Fprofile%2Fpeople%2F48050254.jpg&f=1&nofb=1&ipt=479f69c523376cfe5fc61a0fb730905526f93bbd560bac24ea67ed3b300c7b56,https://fr.wikipedia.org/wiki/Isabella_Bachmakova
323,Pedro Lain Entralgo,40.4167047,-3.7035825,Espagne,1908-02-15,2001-05-06,1958-08-21,116,1960-02-15,Homme,de la medecine,https://external-content.duckduckgo.com/iu/?u=https%3A%2F%2Fwww.buscabiografias.com%2Fimg%2Fpeople%2FPedro_Lain_Entralgo.jpg&f=1&nofb=1&ipt=69308462adc226e15c0246fa955c4bbee3a3bd86a5b4cbe168875fb2cc4c10a5,https://es.wikipedia.org/wiki/Pedro_La%C3%ADn_Entralgo
326,Chauncey Leake,39.7837304,-100.445882,Etats Unis,1896-05-09,1978-11-01,1952-03-05,129,1961-02-20,Homme,de la medecine,https://external-content.duckduckgo.com/iu/?u=https%3A%2F%2Fhistory.library.ucsf.edu%2Fimages%2Fstory_thumbnails%2Fleake_portrait_sitting.jpg&f=1&nofb=1&ipt=732c64127f47cfa9d2f8a118b980a78a1389cc1e4b981e1075c2e5160310a8e1,https://fr.wikipedia.org/wiki/Chauncey_Leake
334,Giorgio Levi Della Vida,41.8933203,12.4829321,Italie,1886-08-22,1967-11-25,1956-07-16,88,1957-09-11,Homme,,https://external-content.duckduckgo.com/iu/?u=http%3A%2F%2Fwww.pensierofilosoficoreligiosoitaliano.org%2Fsites%2Fdefault%2Ffiles%2Fstyles%2Flarge%2Fpublic%2Ffield%2Fimage%2FLeviDellaVia1.jpg%3Fitok%3D18n-RmF4&f=1&nofb=1&ipt=933b6e799f373ccd5afc6b4da9ccc147f58ec720a24bc36611e8a0dd7ae2ceaa,https://fr.wikipedia.org/wiki/Giorgio_Levi_Della_Vida
338,David Lindberg,39.7837304,-100.445882,Etats Unis,1935-11-15,2015-06-01,1986-11-30,490,1991-01-30,Homme,editeur,,https://fr.wikipedia.org/wiki/David_C._Lindberg
342,Edmund Von Lippmann,51.1638175,10.4478313,Allemagne,1857-09-01,1940-09-24,,17,1928-12-26,Homme,,https://external-content.duckduckgo.com/iu/?u=https%3A%2F%2Fwww.catalogus-professorum-halensis.de%2Fimages%2Flippmannedmund.jpg&f=1&nofb=1&ipt=2b4eca711e611731063fa0dba68be897f75b0d417c25ba1926aaf2d2bbbe0aea,https://fr.wikipedia.org/wiki/Edmund_von_Lippmann
350,Daston Lorraine,39.7837304,-100.445882,Etats Unis,1951-09-06,,2005-12-28,431,2019-05-25,Femme,des mathematiques,https://external-content.duckduckgo.com/iu/?u=http%3A%2F%2Fblog.berlin.bard.edu%2Fwp-content%2Fuploads%2F2013%2F04%2Florraine-daston.jpg&f=1&nofb=1&ipt=bc6ae199149a39b986784c19aba1be2a41bd146b8e9292d2829513b97e981816,https://fr.wikipedia.org/wiki/Lorraine_Daston
365,Otakar Matousek,50.0596288,14.44645927,Tchecoslovaquie,1899-01-14,1994-04-01,1951-03-10,124,1961-02-20,Homme,de la medecine,https://external-content.duckduckgo.com/iu/?u=https%3A%2F%2Fi.pinimg.com%2F736x%2F4e%2Fd4%2Fa8%2F4ed4a890dc05ab4ceeb65a4865a5a449--university-of-notre-dame-professor.jpg&f=1&nofb=1&ipt=b159398ee5b28a7909cea2df74cdf7730d634dceaf99b0d74a54134250a596df,https://cs.wikipedia.org/wiki/Otakar_Matou%C5%A1ek
367,Francisco Jaguaribe de Mattos,-22.9110137,-43.2093727,Bresil,1881-08-21,1974-02-03,1938-06-03,51,1939-03-03,Homme,de la geographie,https://external-content.duckduckgo.com/iu/?u=https%3A%2F%2Fsites.utexas.edu%2Fllilas-benson-magazine%2Ffiles%2F2024%2F09%2FJaguaribe-portrait.jpg&f=1&nofb=1&ipt=94b50eccc8e081632691ebd5c58525bd1e13517ab7fc6044814f0c0549147db0,https://pt.wikipedia.org/wiki/Francisco_Jaguaribe_Gomes_de_Matos
372,Ernan McMullin,53.3493795,-6.2605593,Etats Unis,1924-10-13,2011-08-02,1988-11-09,331,2005-12-28,Homme,de l'astronomie,https://external-content.duckduckgo.com/iu/?u=https%3A%2F%2Fwww.centerphilsci.pitt.edu%2Fwp-content%2Fuploads%2F2019%2F08%2Fernan-mcmullin-e1701970395473.gif&f=1&nofb=1&ipt=0c4f186ca2ed5b7c9545ca4167ed2c2176ac78d0f9b0fee547f24f6c1e50d6f8,https://en.wikipedia.org/wiki/Ernan_McMullin
380,Gleb Mikhailov,41.6934591,44.8014495,URSS,1929-02-24,2021-03-18,1984-11-09,320,2005-12-28,Homme,de la physique,,https://fr.wikipedia.org/wiki/Gleb_Mikha%C3%AFlov
392,Sussmann Muntner,47.59397,14.12456,Autriche,1897-09-17,1973-01-20,1951-03-10,125,1961-02-20,Homme,de la medecine,,https://de.wikipedia.org/wiki/S%C3%BCssmann_Munter
396,Joseph Needham,51.5074456,-0.1277653,Royaume-Uni,1900-09-12,1995-03-24,,58,1947-03-06,Homme,de la chimie,https://external-content.duckduckgo.com/iu/?u=https%3A%2F%2Fcudl.lib.cam.ac.uk%2Fimages%2FcollectionsView%2Fneedham.jpg&f=1&nofb=1&ipt=83ca6ccbba95b2972924eb4aa41f2672965f2c2e54d773ddedc4b0900fce308a,https://fr.wikipedia.org/wiki/Joseph_Needham
397,Max Neuburger,48.20849,16.37208,Autriche,1868-08-12,1955-03-15,,10,1928-06-11,Homme,de la medecine,https://external-content.duckduckgo.com/iu/?u=https%3A%2F%2Fwww.researchgate.net%2Fpublication%2F346328026%2Ffigure%2Ffig1%2FAS%3A983464153202689%401611487534591%2FPortrait-of-Max-Neuburger-Credit-Wellcome-Collection-Attribution-40-International-CC.jpg&f=1&nofb=1&ipt=863784bea83f674f3a7376e1831c4038d72f69222e8d0505dcc6cfcc8f0fd122,https://en.wikipedia.org/wiki/Max_Neuburger
398,Otto Neugebauer,39.7837304,-100.445882,Etats Unis,1899-05-26,1990-02-19,1931-02-15,69,1949-06-15,Homme,des mathematiques,https://external-content.duckduckgo.com/iu/?u=https%3A%2F%2Fwww.balzan.org%2Fwp-content%2Fuploads%2F2022%2F05%2Fotto-neugebauer.jpg&f=1&nofb=1&ipt=b85d0f16fc20c5e17b5a7d1c70ac8fa0edac08fd711fc2781561ed6d7e6fc767,https://fr.wikipedia.org/wiki/Otto_Eduard_Neugebauer
405,Ronald Numbers,39.7837304,-100.445882,Etats Unis,1942-03-06,2023-07-24,1993-10-09,340,2007-01-12,Homme,,https://external-content.duckduckgo.com/iu/?u=https%3A%2F%2Fwww.cwhowell.com%2Fcontent%2Fimages%2F2023%2F09%2FRonald_Numbers_crop_2012_CHF_Science_Secularization_033-wikimedia.jpg&f=1&nofb=1&ipt=1ffa5f76509b804d02a9cc01c44557d7cbc6a14e706e2f4f39d909b334c4d9ad,https://fr.wikipedia.org/wiki/Ronald_Numbers
407,Robert Olby,51.5074456,-0.1277653,Etats Unis,1933-04-10,,1993-10-09,334,2005-12-28,Homme,de la biologie,,https://en.wikipedia.org/wiki/Robert_Olby
408,David Oldroyd,-24.7761086,134.755,Australie,1936-01-20,2014-07-11,2002-05-28,342,2007-01-12,Homme,editeur,,https://en.wikipedia.org/wiki/David_R._Oldroyd
411,Eugeniusz Olszewski,52.2319581,21.0067249,Pologne,1911-01-01,1994-01-06,1963-06-26,214,1981-03-20,Homme,historien des de la technique,https://external-content.duckduckgo.com/iu/?u=https%3A%2F%2Fc8.alamy.com%2Fcomp%2FKKMNGN%2Feugeniusz-olszewski-KKMNGN.jpg&f=1&nofb=1&ipt=5f50bb6891c65039122b533a18e41630bf56d6f5fb50f5e054861eebda0505a5,https://pl.wikipedia.org/wiki/Eugeniusz_Olszewski
416,Naomi Oreskes,39.7837304,-100.445882,Etats Unis,1958-11-25,,2010-12-04,440,2009-05-25,Femme,philosophe des sciences,https://external-content.duckduckgo.com/iu/?u=https%3A%2F%2Falchetron.com%2Fcdn%2Fnaomi-oreskes-5662a65b-b16e-477c-b710-37a65e3bd9d-resize-750.png&f=1&nofb=1&ipt=5b53a470458df05dddd6c7dda9e5e61cd2415e23078c7324edb8ef8fc0509485,https://fr.wikipedia.org/wiki/Naomi_Oreskes
418,Walter Pagel,51.1638175,10.4478313,Royaume-Uni,1898-12-11,1952-05-03,1952-03-05,98,1958-08-21,Homme,de la medecine,https://external-content.duckduckgo.com/iu/?u=https%3A%2F%2Fupload.wikimedia.org%2Fwikipedia%2Fcommons%2Fthumb%2F2%2F2a%2FWalter_Pagel_c1945.jpg%2F171px-Walter_Pagel_c1945.jpg&f=1&nofb=1&ipt=5e1c15dbec1e52f5f139ceb6be57bdd7d628730dc497062f3e45dbd219212122,https://fr.wikipedia.org/wiki/Walter_Pagel
424,Desiderio Papp,-26.5643582,-64.882397,Chili et Argentine,1895-05-21,1993-01-31,1948-05-03,130,1961-02-20,Homme,philologue,,https://es.wikipedia.org/wiki/Desiderio_Papp_Pollack
426,James Partington,51.5074456,-0.1277653,Royaume-Uni,1886-06-30,1965-09-10,1957-11-09,87,1957-09-11,Homme,editeur,,https://en.wikipedia.org/wiki/J._R._Partington
434,Joseph Peres,46.603354,1.8883335,France,1890-10-31,1962-12-02,1947-03-06,65,1948-01-04,Homme,de la chimie,https://external-content.duckduckgo.com/iu/?u=https%3A%2F%2Fmathshistory.st-andrews.ac.uk%2FBiographies%2FPeres%2Fthumbnail.jpg&f=1&nofb=1&ipt=ff51262034e2629041735e4a35ccee2bcb9473ef0694073884d56488f5d5301f,https://fr.wikipedia.org/wiki/Joseph_P%C3%A9r%C3%A8s
442,David Edwin Pingree,39.7837304,-100.445882,Etats Unis,1933-02-01,2005-11-11,1971-11-01,231,1984-11-09,Homme,philologue,https://external-content.duckduckgo.com/iu/?u=https%3A%2F%2Falchetron.com%2Fcdn%2Fdavid-pingree-96ea87e9-2c7e-435e-9dba-0d7b4d256b8-resize-750.jpeg&f=1&nofb=1&ipt=b741a3c38841d465e61c4e2e8490ebcded01a5b483d406b9f76dd424dda008c6,https://fr.wikipedia.org/wiki/David_Pingree
443,Joseph Bidez,50.6402809,4.6667145,Belgique,1867-09-04,1945-09-20,1930-02-15,40,1935-04-03,Homme,philologue,https://external-content.duckduckgo.com/iu/?u=https%3A%2F%2Fatlantipedia.ie%2Fsamples%2Fwp-content%2Fuploads%2F2010%2F06%2FJoseph_Bidez_1867-1945-192x300.jpg&f=1&nofb=1&ipt=ad5180a6d83adec9a35fc2ab6191cfbc8e1aa8012061f2b6aa2b24bc1e31f733,https://fr.wikipedia.org/wiki/Joseph_Bidez
447,Giovanni Polvani,41.8933203,12.4829321,Italie,1892-12-17,1970-11-08,1961-02-20,170,1969-01-12,Homme,de la physique,https://external-content.duckduckgo.com/iu/?u=https%3A%2F%2Fwww.scienzainrete.it%2Ffiles%2Fstyles%2Flarge%2Fpublic%2Fpolvani.png%3Fitok%3DYxNScdPF&f=1&nofb=1&ipt=53d57a5d0f66a2f023c5853d50e5de96bb6d102ee3a873bbbaa853464a911b20,https://it.wikipedia.org/wiki/Giovanni_Polvani
448,Emil Pop,44.43225,26.10626,Roumanie,1897-04-13,1974-07-14,1961-02-20,142,1963-06-26,Homme,de la biologie,https://external-content.duckduckgo.com/iu/?u=https%3A%2F%2Fwww.egco.ro%2Fwp-content%2Fuploads%2F2020%2F07%2F250px-Emil_Pop-1.jpg&f=1&nofb=1&ipt=89660b4a652ead84ddb9dd7b74b7279e64fca6d7c25c32b9ea09d9d0b698d8d5,https://ro.wikipedia.org/wiki/Emil_Pop
451,Frederick Poynter,51.5074456,-0.1277653,Royaume-Uni,1908-12-24,1979-11-03,1960-02-15,123,1961-02-20,Homme,de la medecine,https://external-content.duckduckgo.com/iu/?u=https%3A%2F%2Fupload.wikimedia.org%2Fwikipedia%2Fcommons%2Fthumb%2F0%2F03%2FFrederick_No%25C3%25ABl_Lawrence_Poynter._Photograph._Wellcome_V0027862.jpg%2F500px-Frederick_No%25C3%25ABl_Lawrence_Poynter._Photograph._Wellcome_V0027862.jpg&f=1&nofb=1&ipt=61378dd114356589303db74e061f9328fcb931d9d079ff5f0d9c9ce9156e0262,https://en.wikipedia.org/wiki/No%C3%ABl_Poynter
453,Derek Price,39.7837304,-100.445882,Etats Unis,1922-01-22,1983-03-09,1958-08-21,149,1966-10-15,Homme,scienciometriste,https://upload.wikimedia.org/wikipedia/commons/6/61/DerekdeSollaPrice.jpg,https://fr.wikipedia.org/wiki/Derek_Price
459,Emmanuel Radl,50.0596288,14.44645927,Tchecoslovaquie,1873-12-21,1942-12-05,,18,1928-12-26,Homme,de la biologie,,https://en.wikipedia.org/wiki/Emanuel_R%C3%A1dl
467,Henri-Paul-Joseph Renaud,46.603354,1.8883335,France,1881-03-04,1945-05-09,1935-03-04,39,1935-04-03,Homme,de la medecine,https://external-content.duckduckgo.com/iu/?u=https%3A%2F%2Flostfencing.files.wordpress.com%2F2023%2F02%2F1280px-touche_a_tout_1910_joseph_renaud_par_henri_manuel.jpg&f=1&nofb=1&ipt=b696a08a613d3a9c19cff25daf78c8b5adc8fa34cc581eed3a423464e77c08da,https://fr.wikipedia.org/wiki/Henri-Paul-Joseph_Renaud
468,Julio Rey Pastor,40.4167047,-3.7035825,Chili et Argentine,1888-02-02,1962-02-21,1934-02-03,47,1938-06-03,Homme,des mathematiques,https://external-content.duckduckgo.com/iu/?u=https%3A%2F%2Fwww.ecured.cu%2Fimages%2Fd%2Fd2%2FRey_pastor.jpg&f=1&nofb=1&ipt=4d1a18d6e341b6e03f98366bba42a48c7f1c10efe655b39b5480da6862f604d3,https://fr.wikipedia.org/wiki/Julio_Rey_Pastor
469,Maria Righini Bonelli,41.8933203,12.4829321,Italie,1917-11-11,1981-12-18,1958-08-21,146,1965-06-26,Femme,conservatrice museale,https://external-content.duckduckgo.com/iu/?u=https%3A%2F%2Fmujeresconciencia.com%2Fapp%2Fuploads%2F2014%2F11%2Fluisa-203x240.jpg&f=1&nofb=1&ipt=e7440a71e6c254facd99eb8deabf4a18244613029226eccef9effdec2f3a2f8e,https://fr.wikipedia.org/wiki/Maria_Luisa_Righini_Bonelli
471,Jacques Roger,46.603354,1.8883335,France,1920-10-24,1990-03-26,1971-11-01,211,1978-06-21,Homme,,,https://fr.wikipedia.org/wiki/Jacques_Roger
473,Adolphe Rome,50.6402809,4.6667145,Belgique,1889-12-07,1971-09-04,1934-03-02,83,1957-09-11,Homme,de l'astronomie,https://external-content.duckduckgo.com/iu/?u=https%3A%2F%2Fwww.persee.fr%2FrenderIllustration%2Fantiq_0770-2817_1971_num_40_1_P_0006_0000_1.png&f=1&nofb=1&ipt=b9df61f7dfba244a399590cc96ac9b61124650d72ba2c71efd580103c263cda2,https://en.wikipedia.org/wiki/Adolphe_Rome
474,Vasco Ronchi,41.8933203,12.4829321,Italie,1897-12-19,1988-10-31,1954-07-15,79,1955-10-07,Homme,de la physique,https://external-content.duckduckgo.com/iu/?u=https%3A%2F%2Fwww.azquotes.com%2Fpublic%2Fpictures%2Fauthors%2Ff3%2F46%2Ff3467a679d9ce61f50df89d4754d15df%2F556ec74a954a8_vasco_ronchi.jpg&f=1&nofb=1&ipt=e6cbda04bf649c01f7d00c52784c58219ca44a48850a79e55a4a4679c490cbc6,https://en.wikipedia.org/wiki/Vasco_Ronchi
478,Boris Rosenfeld,59.9606739,30.1586551,URSS,1917-08-30,2008-04-05,1971-11-01,213,1978-06-21,Homme,,,https://fr.wikipedia.org/wiki/Boris_Rosenfeld
479,Leon Rosenfeld,50.6402809,4.6667145,Denmark,1904-08-14,1974-03-23,1947-06-03,158,1966-10-15,Homme,editeur,https://external-content.duckduckgo.com/iu/?u=https%3A%2F%2Falchetron.com%2Fcdn%2Flon-rosenfeld-4fd2172c-8a25-482b-a558-7487e66d4ec-resize-750.jpg&f=1&nofb=1&ipt=4d9e727231414543656ac8881a6b24963fcccd0970526dfb8d5c64391bbae50e,https://fr.wikipedia.org/wiki/L%C3%A9on_Rosenfeld
481,Karl Eduard Rothschuh,51.1638175,10.4478313,Allemagne,1908-06-07,1984-03-09,1961-02-20,163,1968-08-21,Homme,de la medecine,,https://fr.wikipedia.org/wiki/Karl_Eduard_Rothschuh
483,Julius Ruska,48.1375,11.575,Allemagne,1867-09-02,1949-12-02,,20,1928-12-26,Homme,traducteur,https://external-content.duckduckgo.com/iu/?u=https%3A%2F%2Falchetron.com%2Fcdn%2Fjulius-ruska-8ba7c796-c85d-4416-a454-b99cae043aa-resize-750.jpeg&f=1&nofb=1&ipt=f3a81dc7612ccfba21722e0aed1cec2a3278a8e849773ec10c490771c15fb66b,https://fr.wikipedia.org/wiki/Julius_Ruska
489,Claire Salomon-Bayet,46.603354,1.8883335,France,1932-01-05,2016-09-10,1993-10-09,287,1997-05-28,Femme,philosophe des sciences,https://external-content.duckduckgo.com/iu/?u=https%3A%2F%2Fcaphes.ens.fr%2Fwp-content%2Fuploads%2F2022%2F07%2FClaire-Salomon-Bayet.jpg&f=1&nofb=1&ipt=dd7be539a914bc17ba43adb0833a6be572e48ea6020c7587ef4a17fadfef1789,https://fr.wikipedia.org/wiki/Claire_Salomon-Bayet
491,Julio Samso Moya,41.5787122,2.5103642,Espagne,1942-05-17,,1978-06-21,233,1986-11-30,Homme,traducteur,https://external-content.duckduckgo.com/iu/?u=https%3A%2F%2Fi.ytimg.com%2Fvi%2FN0fEsoZpzAI%2Fhqdefault.jpg&f=1&nofb=1&ipt=918503dc656272cbfe96022037caaebcb9d5c48c84c71531d83b3d88514c940d,https://fr.wikipedia.org/wiki/Julio_Sams%C3%B3
492,Jose Sanchez Ron,40.4167047,-3.7035825,Espagne,1949-06-01,,2005-12-28,401,2015-05-30,Homme,editeur,https://external-content.duckduckgo.com/iu/?u=https%3A%2F%2Fbiotechmagazineandnews.com%2Fwp-content%2Fuploads%2F2024%2F05%2FSANCHEZ-RON-1068x712.jpg&f=1&nofb=1&ipt=7b4095bb6358d98db2dac6386b5e4dd62fdaddf09a24f61290ffd93198a3530a,https://es.wikipedia.org/wiki/Jos%C3%A9_Manuel_S%C3%A1nchez_Ron
494,Giorgio de Santillana,39.7837304,-100.445882,Etats Unis,1902-05-30,1974-08-06,1958-08-21,104,1960-02-15,Homme,philosophe des sciences,https://external-content.duckduckgo.com/iu/?u=https%3A%2F%2Fwww.babelio.com%2Fusers%2FAVT_Giorgio-de-Santillana_4530.jpg&f=1&nofb=1&ipt=bc8c3a5b25be00c122b628ecbfe17a9ab3c0e705ab7347acc6e2f7a338b2c967,https://en.wikipedia.org/wiki/Giorgio_de_Santillana
501,Robert Edwin Schofield,39.7837304,-100.445882,Etats Unis,1923-01-06,2011-12-30,1965-06-26,284,1965-06-26,Homme,,,https://fr.wikipedia.org/wiki/Robert_E._Schofield
510,Leonid Blaher,53.2194648,50.2039316,URSS,1900-10-16,1987-01-01,1963-06-26,159,1966-10-15,Homme,de la biologie,,https://fr.wikipedia.org/wiki/Leonid_Bl%C3%AFakher
514,Richard Shryock,39.7837304,-100.445882,Etats Unis,1893-03-29,1972-01-02,1950-03-15,81,1956-07-16,Homme,de la medecine,https://external-content.duckduckgo.com/iu/?u=https%3A%2F%2Ftse1.mm.bing.net%2Fth%2Fid%2FOIP.sJSU_ghuhnaerpGT7zDTOAAAAA%3Fpid%3DApi&f=1&ipt=cd3bedc841c543201596eeb57391885fea9788e6f3b3c1cea9f5102b2ee6924b,https://fr.wikipedia.org/wiki/Richard_Harrison_Shryock
517,Kripa Shukla,22.3511148,78.6677428,Inde,1918-01-01,2007-01-01,1988-11-09,295,1999-05-05,Homme,des mathematiques,,https://en.wikipedia.org/wiki/Kripa_Shankar_Shukla
520,Gerard Simon,46.603354,1.8883335,France,1931-01-21,2009-06-22,1993-10-09,292,1999-05-05,Homme,de l'astronomie,https://external-content.duckduckgo.com/iu/?u=http%3A%2F%2Ftransfers.ens.fr%2FIMG%2Fjpg%2Fgerard_simon-affiche.jpg&f=1&nofb=1&ipt=d00763cb3fd640fd2e943d1d54cf893920024752e957ae5e3b3bf90d37711c56,https://fr.wikipedia.org/wiki/G%C3%A9rard_Simon_(historien)
521,Marie Boas Hall,39.7837304,-100.445882,Royaume-Uni,1919-10-18,2009-02-23,1960-02-15,147,1966-10-15,Femme,de la physique,,https://fr.wikipedia.org/wiki/Marie_Boas_Hall
523,Nathan Sivin,39.7837304,-100.445882,Etats Unis,1931-11-05,2023-06-24,1971-01-11,259,1991-01-30,Homme,de la medecine,https://external-content.duckduckgo.com/iu/?u=https%3A%2F%2Fwww.amacad.org%2Fsites%2Fdefault%2Ffiles%2Fperson%2Fheadshots%2FNathanSivin%2520(2).jpg&f=1&nofb=1&ipt=3b21059c146e783a5c6346fe13e1e7f8999743cbf3874f949f25a65adebd5bd8,https://fr.wikipedia.org/wiki/Nathan_Sivin
537,Henry Ernest Stapleton,51.5074456,-0.1277653,Royaume-Uni,1878-05-03,1962-02-12,1929-05-21,78,1955-07-15,Homme,de la chimie,,https://en.wikipedia.org/wiki/Henry_Ernest_Stapleton
538,Robert Steele,51.5074456,-0.1277653,Royaume-Uni,1860-05-30,1944-03-27,,21,1928-12-26,Homme,editeur,,https://en.wikipedia.org/wiki/Robert_Steele_(medievalist)
539,Michael Stephanides,38.9953683,21.9877132,Grece,1868-11-08,1957-11-25,,46,1930-02-15,Homme,editeur,https://external-content.duckduckgo.com/iu/?u=https%3A%2F%2Faustria-forum.org%2Faw%2Fimg%2FDr-Michael-Stephanides-MDW-2010.jpg%2F220px.jpg&f=1&nofb=1&ipt=da9b3144e5e82d7c4a01a48edde1ee009d7c14518486c1b124bcd706bcd16038,https://en.wikipedia.org/wiki/Michael_K._Stefanidis
551,Noel Swerdlow,39.7837304,-100.445882,Etats Unis,1941-09-09,2021-07-24,1991-01-30,308,2005-12-28,Homme,de l'astronomie,https://external-content.duckduckgo.com/iu/?u=https%3A%2F%2Fd3qi0qp55mx5f5.cloudfront.net%2Fphysicalsciences%2Fi%2Fbasic_pages%2FNoel_Swerdlow_Caltech_portrait970.jpg%3Fmtime%3D1627940356&f=1&nofb=1&ipt=c3d6c48960e7e4f260f0d14b47118f41e7d112e4a4cbaa90155f93d044d9ab08,https://fr.wikipedia.org/wiki/Noel_Swerdlow
562,Owsei Temkin,39.7837304,-100.445882,Etats Unis,1902-06-10,2002-07-18,1935-03-04,97,1958-08-21,Homme,de la medecine,https://external-content.duckduckgo.com/iu/?u=https%3A%2F%2Fi1.sndcdn.com%2Fartworks-000149680510-gof0sv-t500x500.jpg&f=1&nofb=1&ipt=b33e30be10f153afd0d8d82e6d97bb794c9cd14be11a7e0627af092084073208,https://fr.wikipedia.org/wiki/Owsei_Temkin
566,Valeriu Bologa,47.59397,14.12456,Roumanie,1892-11-26,1971-10-30,1933-06-02,46,1938-06-03,Homme,de la medecine,https://external-content.duckduckgo.com/iu/?u=https%3A%2F%2Fiiif.wellcomecollection.org%2Fimage%2FV0026060%2Ffull%2F800%252C%2F0%2Fdefault.jpg&f=1&nofb=1&ipt=87b6ae7038fd196241374cff9d357f3e48d189bda7c53572b5a171393c4b9450,https://de.wikipedia.org/wiki/Valeriu_Lucian_Bologa
569,Jean Theodorides,46.603354,1.8883335,France,1926-11-06,1999-12-27,1960-02-15,172,1969-12-01,Homme,de la biologie,https://external-content.duckduckgo.com/iu/?u=https%3A%2F%2Fwww.babelio.com%2Fusers%2FAVT_Jean-Theodorides_5815.jpeg&f=1&nofb=1&ipt=eb1525f3fe1a363704f4edacaf0845a7971a8e1573d00434095c420e0948fb00,https://fr.wikipedia.org/wiki/Jean_Th%C3%A9odorid%C3%A8s
570,D'Arcy Wentworth Thompson,51.5074456,-0.1277653,Inde,1860-02-05,1948-06-21,1929-05-21,54,1947-03-06,Homme,des mathematiques,https://external-content.duckduckgo.com/iu/?u=https%3A%2F%2Fcollectionimages.npg.org.uk%2Flarge%2Fmw236474%2FSir-DArcy-Wentworth-Thompson.jpg&f=1&nofb=1&ipt=8687903e8a275e68206faa62d5869d360971851ad60091cfbb21644e43c0eab3,https://fr.wikipedia.org/wiki/D%27Arcy_Wentworth_Thompson_(1860-1948)
572,Lynn Thorndike,39.7837304,-100.445882,Etats Unis,1882-07-24,1965-12-28,,7,1928-08-17,Homme,editeur,,https://fr.wikipedia.org/wiki/Lynn_Thorndike
574,Anne Tihon,50.6402809,4.6667145,Belgique,1944-01-01,,1986-11-30,300,2002-05-28,Femme,de l'astronomie,,https://en.wikipedia.org/wiki/Anne_Tihon
577,Ettore Bortolotti,41.8933203,12.4829321,Italie,1866-06-03,1947-02-17,1931-02-15,43,1936-10-02,Homme,des mathematiques,https://external-content.duckduckgo.com/iu/?u=https%3A%2F%2Fc8.alamy.com%2Fcomp%2FP2W34W%2Fitaliano-ettore-bortolotti-1866-1947-circa-1946-non-noto-26-ettore-bortolotti-P2W34W.jpg&f=1&nofb=1&ipt=019762e343ba4a7456647a00dcd619d2d17598e77c0ab030c11ef967c1ee416d,https://fr.wikipedia.org/wiki/Ettore_Bortolotti
578,Marie-Antoinette Tonnelat,46.603354,1.8883335,France,1912-05-03,1980-03-12,1963-06-26,198,1974-02-18,Femme,de la physique,https://external-content.duckduckgo.com/iu/?u=https%3A%2F%2Fupload.wikimedia.org%2Fwikipedia%2Fcommons%2Fthumb%2Ff%2Ff8%2FMarie-Antoinette_Tonnelat_01.jpg%2F500px-Marie-Antoinette_Tonnelat_01.jpg&f=1&nofb=1&ipt=15d8430209ce2be9422d1fa804a6aee2cbbec8c4b9972bee112aae26b2b3ce1c,https://fr.wikipedia.org/wiki/Marie-Antoinette_Tonnelat
586,Guido Ucelli di Nemi,41.8933203,12.4829321,Italie,1885-08-25,1964-08-23,1957-09-11,95,1958-08-21,Homme,conservateur museal,https://external-content.duckduckgo.com/iu/?u=https%3A%2F%2Fwww.ilsussidiario.net%2Fimg%2FEmmeciquadro%2F44%2FLapini_7_Guido-Carla-fine-anni-50_ok.jpg&f=1&nofb=1&ipt=1b3d31457e4a6065ba495c571076df155031fe615f257df9f6437763d0f68e05,https://it.wikipedia.org/wiki/Guido_Ucelli
599,Carl Boyer,39.7837304,-100.445882,Etats Unis,1906-03-11,1976-04-26,1957-09-11,119,1961-02-20,Homme,des mathematiques,https://external-content.duckduckgo.com/iu/?u=https%3A%2F%2Fmathshistory.st-andrews.ac.uk%2FBiographies%2FBoyer%2Fthumbnail.jpg&f=1&nofb=1&ipt=4fe380d2a3456d4aceeb7c2af51ff4468fb3d1db6755ca8e3ab06387d5d40574,https://fr.wikipedia.org/wiki/Carl_Benjamin_Boyer
600,Fernando de Vasconcelos,38.7077507,-9.1365919,Portugal,1874-03-26,1944-02-11,1933-02-06,38,1935-04-03,Homme,editeur,,https://pt.wikipedia.org/wiki/Fernando_de_Almeida_Loureiro_e_Vasconcelos
604,Frans Verdoorn,52.24764975,5.54124685,Pays-Bas,1906-07-24,,1947-03-06,120,1947-03-06,Homme,de la biologie,,https://es.wikipedia.org/wiki/Frans_Verdoorn
614,Max Wellmann,51.1638175,10.4478313,Allemagne,1863-03-15,1933-09-10,1929-05-21,26,1930-02-15,Homme,philologue,,https://de.wikipedia.org/wiki/Max_Wellmann
619,Gerald Whitrow,51.5074456,-0.1277653,Royaume-Uni,1912-09-06,2000-02-06,1961-02-20,155,1966-10-15,Homme,editeur,,https://fr.wikipedia.org/wiki/Gerald_James_Whitrow
625,L. Williams,39.7837304,-100.445882,Etats Unis,1927-08-09,2015-08-02,1963-06-26,195,1971-01-11,Homme,philosophe des sciences,,https://fr.wikipedia.org/wiki/L._Pearce_Williams
634,Harry Woolf,39.7837304,-100.445882,Etats Unis,1923-12-08,2003-06-01,1960-02-15,196,1971-01-11,Homme,editeur,,https://en.wikipedia.org/wiki/Harry_Woolf_(historian)
638,Hans Wussing,51.1638175,10.4478313,Allemagne,1927-10-15,2011-04-26,1971-01-11,222,1981-03-20,Homme,des mathematiques,,https://fr.wikipedia.org/wiki/Hans_Wussing
639,Zezong Xi,39.9057136,116.3912972,Chine,1927-06-06,2008-12-27,1983-04-15,273,1993-10-09,Homme,editeur,,https://en.wikipedia.org/wiki/Xi_Zezong
640,Kiyosi Yabuuti,35.6821936,139.762221,Japon,1906-12-02,2000-02-06,1961-02-20,144,1965-06-26,Homme,editeur,,https://fr.wikipedia.org/wiki/Yabuuchi_Kiyoshi
643,Janet Browne,52.24764975,5.54124685,Royaume-Uni,1950-03-30,2005-12-28,2005-12-28,359,2010-12-04,Femme,de la medecine,,https://fr.wikipedia.org/wiki/Janet_Browne
647,Rudolph Zaunick,51.1638175,10.4478313,Allemagne,1893-08-26,1967-11-13,1960-02-15,138,1963-12-13,Homme,de la biologie,,https://de.wikipedia.org/wiki/Rudolph_Zaunick
650,Ernst Zinner,50.11056,10,Allemagne,1886-02-02,1970-08-30,1929-05-21,117,1961-02-20,Homme,de l'astronomie,,https://fr.wikipedia.org/wiki/Ernst_Zinner
652,Vasilij Zubov,55.625578,37.6063916,URSS,1900-01-08,1963-08-04,1958-08-21,111,1960-02-15,Homme,de l'art,,https://en.wikipedia.org/wiki/Vasily_Zubov
656,Jed Buchwald,39.7837304,-100.445882,Etats Unis,1949-04-25,,1988-11-09,275,1995-02-02,Homme,editeur,,https://fr.wikipedia.org/wiki/Jed_Z._Buchwald
660,Joseph Warren Dauben,39.7837304,-100.445882,Etats Unis,1944-12-29,,1984-09-11,258,1991-01-30,Homme,editeur,,https://fr.wikipedia.org/wiki/Joseph_Dauben
664,Peter Galison,39.7837304,-100.445882,Etats Unis,1955-01-01,,1995-02-02,336,2005-12-28,Homme,editeur,,https://fr.wikipedia.org/wiki/Peter_Galison
665,Leon Brunschvicg,46.603354,1.8883335,France,1869-10-11,1944-01-18,1929-03-20,42,1936-02-10,Homme,philosophe des sciences,,https://fr.wikipedia.org/wiki/L%C3%A9on_Brunschvicg
666,Bernard Goldstein,39.7837304,-100.445882,Etats Unis,1938-01-29,,1971-01-11,242,1986-11-30,Homme,de l'astronomie,,https://fr.wikipedia.org/wiki/Bernard_R._Goldstein
671,John Heilbron,39.7837304,-100.445882,Etats Unis,1934-03-17,2023-05-11,1981-03-20,281,1997-05-28,Homme,de l'astronomie,,https://fr.wikipedia.org/wiki/John_L._Heilbron
674,Daniel Kevles,39.7837304,-100.445882,Etats Unis,1939-02-03,,2005-12-28,361,2010-04-12,Homme,editeur,,https://fr.wikipedia.org/wiki/Daniel_Kevles
677,Heinrich Buess-Kuny,46.7985624,8.2319736,Suisse,1911-05-17,1984-12-31,1965-06-26,179,1971-01-11,Homme,de la medecine,,https://de.wikipedia.org/wiki/Heinrich_Buess
680,Edward Larson,39.7837304,-100.445882,Etats Unis,1953-09-21,,2010-04-12,437,2019-05-25,Homme,editeur,,https://fr.wikipedia.org/wiki/Edward_J._Larson
685,William Newman,39.7837304,-100.445882,Etats Unis,1955-01-01,,2005-12-28,393,2015-05-30,Homme,editeur,,https://fr.wikipedia.org/wiki/William_R._Newman
689,Karen Parshall,39.7837304,-100.445882,Etats Unis,1955-07-07,,2002-05-28,426,2016-12-17,Femme,des mathematiques,,https://fr.wikipedia.org/wiki/Karen_Parshall
691,Theodore Porter,39.7837304,-100.445882,Etats Unis,1953-03-12,,2005-12-28,362,2010-04-12,Homme,editeur,,https://fr.wikipedia.org/wiki/Theodore_M._Porter
692,Lawrence Principe,39.7837304,-100.445882,Etats Unis,1962-05-16,,2010-04-12,400,2015-05-30,Homme,editeur,,https://en.wikipedia.org/wiki/Lawrence_M._Principe
698,Charles Rosenberg,39.7837304,-100.445882,Etats Unis,1936-11-11,,2010-04-12,442,2019-05-25,Homme,editeur,,https://fr.wikipedia.org/wiki/Charles_Rosenberg
700,George Saliba,39.7837304,-100.445882,Etats Unis,1939-01-01,,1988-11-09,322,2005-12-28,Homme,de l'astronomie,,https://fr.wikipedia.org/wiki/George_Saliba
702,Nancy Siraisi,39.7837304,-100.445882,Etats Unis,1932-01-01,,1988-11-09,314,2005-12-28,Femme,de la medecine,,https://fr.wikipedia.org/wiki/Nancy_Siraisi
709,Norton Wise,39.7837304,-100.445882,Etats Unis,1940-02-04,,1993-10-09,356,2010-04-12,Homme,editeur,,https://fr.wikipedia.org/wiki/M._Norton_Wise
711,Robert Anderson,51.5074456,-0.1277653,Royaume-Uni,1944-02-05,,2002-05-28,354,2010-04-12,Homme,conservateur museal,,https://fr.wikipedia.org/wiki/Robert_G._W._Anderson
714,Peter Bowler,53.3493795,-6.2605593,Royaume-Uni,1944-08-10,,2005-12-28,353,2010-04-12,Homme,editeur,,https://fr.wikipedia.org/wiki/Peter_Bowler
716,John Brooke,51.5074456,-0.1277653,Royaume-Uni,1944-05-20,,1993-10-09,374,2012-07-12,Homme,editeur,,https://fr.wikipedia.org/wiki/John_Hedley_Brooke
720,Judith Field,51.5074456,-0.1277653,Royaume-Uni,1943-01-01,,1988-11-09,269,1993-10-09,Femme,de l'art,,https://en.wikipedia.org/wiki/Judith_V._Field
722,Robert Fox,51.5074456,-0.1277653,Royaume-Uni,1938-07-10,,1981-03-20,239,1986-11-30,Homme,editeur,,https://fr.wikipedia.org/wiki/Robert_Fox_(historien)
723,William Gabbey,39.7837304,-100.445882,Royaume-Uni,1938-01-01,,1978-06-21,248,1988-11-09,Homme,de la philosophie,,https://en.wikipedia.org/wiki/Alan_Gabbey
724,Stephen Gaukroger,-24.7761086,134.755,Royaume-Uni,1950-09-07,2023-03-09,2007-01-12,425,2016-12-17,Homme,editeur,,https://fr.wikipedia.org/wiki/Stephen_Gaukroger
725,Jeremy Gray,51.5074456,-0.1277653,Royaume-Uni,1947-04-25,,1993-10-09,317,2005-12-28,Homme,editeur,,https://fr.wikipedia.org/wiki/Jeremy_Gray
729,David King,51.5074456,-0.1277653,Royaume-Uni,1941-01-01,,1986-11-30,257,1991-01-30,Homme,de l'astronomie,,https://fr.wikipedia.org/wiki/David_A._King
737,Martin Rudwick,51.5074456,-0.1277653,Royaume-Uni,1932-03-26,,1983-04-15,329,2005-12-28,Homme,de la geographie,,https://fr.wikipedia.org/wiki/Martin_J._S._Rudwick
751,Klaus Hentschel,51.1638175,10.4478313,Suisse,1961-04-04,,2005-12-28,375,2012-07-12,Homme,editeur,,https://en.wikipedia.org/wiki/Klaus_Hentschel
762,Antoni Malet,41.3828939,2.1774322,Espagne,1950-02-23,,2005-12-28,413,2016-12-17,Homme,editeur,,https://fr.wikipedia.org/wiki/Antoni_Malet
770,Lay-Yong Lam,1.357107,103.8194992,Singapour,1936-12-02,,1986-11-30,280,1995-02-02,Femme,editeur,,https://fr.wikipedia.org/wiki/Lam_Lay_Yong
775,Sergey Demidov,55.625578,37.6063916,URSS,1942-12-30,,1986-11-30,268,1993-10-09,Homme,des mathematiques,,https://fr.wikipedia.org/wiki/Sergue%C3%AF_Sergue%C3%AFevitch_Demidov
778,Galina Matvievskaya,48.4680221,35.0417711,URSS,1930-07-13,1991-01-30,1991-01-30,278,1995-02-02,Femme,des mathematiques,,https://fr.wikipedia.org/wiki/Galina_Matvievska%C3%AFa
779,Aleksej Postnikov,61.0666922,-107.991707,URSS,1939-03-28,,2002-05-28,363,2010-04-12,Homme,de la geographie,,https://fr.wikipedia.org/wiki/Alexe%C3%AF_Postnikov
793,Hendrik Bos,52.24764975,5.54124685,Denmark,1940-07-17,2024-02-12,1984-11-09,250,1988-11-09,Homme,des mathematiques,,https://fr.wikipedia.org/wiki/Henk_Bos
794,Floris Cohen,52.24764975,5.54124685,Pays-Bas,1946-01-07,,1995-02-02,376,2012-07-12,Homme,,,https://en.wikipedia.org/wiki/Floris_Cohen
795,Jan Hogendijk,52.24764975,5.54124685,Pays-Bas,1955-07-21,,1988-11-09,271,1993-10-09,Homme,des mathematiques,,https://en.wikipedia.org/wiki/Floris_Cohen
808,Jeanne Peiffer,49.8158683,6.1296751,Luxembourg,1948-08-20,,1993-10-09,296,1999-05-05,Femme,editeure,,https://fr.wikipedia.org/wiki/Jeanne_Peiffer
815,Michio Yano,35.6821936,139.762221,Japon,1944-01-06,,1988-11-09,285,1997-05-28,Homme,traducteur,,https://ja.wikipedia.org/wiki/%E7%9F%A2%E9%87%8E%E9%81%93%E9%9B%84
819,Marco Beretta,41.8933203,12.4829321,Italie,1962-09-20,,2005-12-28,402,2015-05-30,Homme,conservateur museal,,https://fr.wikipedia.org/wiki/Marco_Beretta
832,Ugo Cassina,41.8933203,12.4829321,Italie,1897-01-04,1964-06-10,1961-02-20,137,1963-06-26,Homme,des mathematiques,,https://fr.wikipedia.org/wiki/Ugo_Cassina
842,Enrico Giusti,41.8933203,12.4829321,Italie,1940-10-28,2024-03-26,1995-02-02,316,2005-12-28,Homme,des mathematiques,,https://fr.wikipedia.org/wiki/Enrico_Giusti
843,Arturo Castiglioni,39.7837304,-100.445882,Italie,1874-10-04,1952-01-21,1935-04-03,59,1948-01-04,Homme,,,https://en.wikipedia.org/wiki/Arturo_Castiglioni
854,Maurice Caullery,46.603354,1.8883335,France,1868-05-09,1958-07-13,1929-03-20,73,1950-03-15,Homme,de la biologie,,https://fr.wikipedia.org/wiki/Maurice_Caullery
855,Luigi Pepe,41.8933203,12.4829321,Italie,1947-03-08,,2010-04-12,407,2015-05-30,Homme,,,https://it.wikipedia.org/wiki/Luigi_Pepe_(matematico)
865,Maurice-Louis Caveing,46.603354,1.8883335,France,1923-09-06,2019-06-09,1983-04-15,245,1986-11-30,Homme,philosophe des sciences,,https://fr.wikipedia.org/wiki/Maurice_Caveing
873,Patrice Bret,46.603354,1.8883335,France,1949-02-28,,2007-01-12,396,2015-05-30,Homme,de la technique,,https://fr.wikipedia.org/wiki/Patrice_Bret
886,Jean Dhombres,46.603354,1.8883335,France,1942-08-27,,1986-11-30,262,1991-01-30,Homme,des mathematiques,,https://fr.wikipedia.org/wiki/Jean_Dhombres
896,Danielle Jacquart,46.603354,1.8883335,France,1947-06-11,,1986-11-30,270,1993-10-09,Femme,de la medecine,,https://fr.wikipedia.org/wiki/Danielle_Jacquart
910,Kezhen Zhu,22.3027,114.1772,Chine,1890-07-03,1974-07-02,1958-08-21,128,1961-02-20,Homme,de la geographie,,https://en.wikipedia.org/wiki/Chu_Coching
914,Isabelle Pantin,46.603354,1.8883335,France,1952-01-01,,2007-01-12,412,2016-12-17,Femme,traductrice,,https://fr.wikipedia.org/wiki/Isabelle_Pantin
932,Debru Claude,46.603354,1.8883335,France,1944-03-12,,2005-12-18,373,2012-12-07,Homme,philosophe des sciences,,https://fr.wikipedia.org/wiki/Claude_Debru
937,Alexander Jones,51.0447,-114.0719,Canada,1960-01-01,,1993-09-10,355,2010-12-04,Homme,de la physique,,https://fr.wikipedia.org/wiki/Alexander_Jones_(historien_des_sciences)
939,Anto Leikola,63.2467777,25.9209164,Finlande,1937-08-06,,1983-04-15,350,2007-12-01,Homme,de la biologie,,https://fi.wikipedia.org/wiki/Anto_Leikola
943,Bernard Cohen,39.7837304,-100.445882,Etats Unis,1914-01-03,2003-06-20,1949-06-15,80,1956-07-16,Homme,traducteur,,https://fr.wikipedia.org/wiki/I._Bernard_Cohen
944,Dun Liu,22.198745,113.543873,Chine,1947-07-23,,1993-12-10,301,2002-05-28,Homme,editeur,,https://zh.wikipedia.org/wiki/%E5%88%98%E9%92%9D
971,Jose Babini,-34.6037181,-58.38153,Chili et Argentine,1897-10-05,1984-05-18,1948-04-01,99,1958-08-21,Homme,de la technique,,https://fr.wikipedia.org/wiki/Jos%C3%A9_Babini
982,Helene Metzger,46.603354,1.8883335,France,1889-08-26,1944-07-03,,15,1928-08-17,Femme,de la chimie,,https://fr.wikipedia.org/wiki/H%C3%A9l%C3%A8ne_Metzger
983,Sonja Brentjes,51.1638175,10.4478313,Allemagne,1951-01-01,1995-02-02,1995-02-02,302,2002-05-28,Femme,editeur,,https://fr.wikipedia.org/wiki/Sonja_Brentjes
984,Mirko Grmek,45.8130967,15.9772795,France,1924-09-01,2000-06-03,1961-02-20,152,1966-10-15,Homme,editeur,,https://fr.wikipedia.org/wiki/Mirko_Grmek
985,Henry Guerlac,39.7837304,-100.445882,Etats Unis,1910-06-14,1985-05-29,1951-03-10,85,1957-09-11,Homme,de la chimie,,https://fr.wikipedia.org/wiki/Henry_Guerlac
986,Gino Loria,41.8933203,12.4829321,Italie,1862-05-19,1954-01-30,,9,1928-06-11,Homme,des mathematiques,,https://fr.wikipedia.org/wiki/Gino_Loria
989,Charles Singer,51.5074456,-0.1277653,Royaume-Uni,1876-02-11,1960-10-06,,5,1928-08-17,Homme,de la technique,,https://fr.wikipedia.org/wiki/Charles_Singer
990,Adolf Youschkevich,46.4843023,30.7322878,URSS,1906-07-15,1993-07-17,1971-02-20,115,1965-06-26,Homme,editeur,,https://fr.wikipedia.org/wiki/Adolf_P._Youschkevitch
991,William Shea,43.6532,-79.3832,Canada,1937-05-16,1978-06-21,1978-06-21,247,1988-11-09,Homme,de la physique,,https://fr.wikipedia.org/wiki/William_Ren%C3%A9_Shea
992,Frederick Simon Bodenheimer,32.0852997,34.7818064,Israel,1897-06-06,1959-04-10,1935-04-03,63,1948-01-04,Homme,de la biologie,,https://fr.wikipedia.org/wiki/Friedrich_Simon_Bodenheimer
993,Vincenzo Cappelletti,41.8933203,12.4829321,Italie,1930-02-08,2020-05-21,1976-05-04,217,1981-03-20,Homme,de la biologie,,https://fr.wikipedia.org/wiki/Vincenzo_Cappelletti
994,Alistair Crombie,-24.7761086,134.755,Royaume-Uni,1915-04-11,1996-09-02,1957-11-09,93,1958-08-21,Homme,de la biologie,,https://fr.wikipedia.org/wiki/Alistair_Cameron_Crombie
995,Alfred Hall,51.5074456,-0.1277653,Royaume-Uni,1920-07-26,2009-05-02,1957-09-11,135,1963-06-26,Homme,biographe,,https://fr.wikipedia.org/wiki/Alfred_Rupert_Hall
996,Willy Hartner,51.1638175,10.4478313,Allemagne,1905-01-22,1981-05-16,1972-03-05,86,1957-09-11,Homme,de l'astronomie,,https://fr.wikipedia.org/wiki/Willy_Hartner
997,Jose Millas Vallicrosa,41.3828939,2.1774322,Espagne,1897-11-29,1970-09-26,1935-03-04,45,1937-10-03,Homme,traducteur,,https://fr.wikipedia.org/wiki/Jos%C3%A9_Mar%C3%ADa_Mill%C3%A1s_Vallicrosa
999,Arnold Reymond,46.7985624,8.2319736,Suisse,1874-03-21,1958-11-01,1939-05-21,32,1947-02-10,Homme,philosophe des sciences,,https://fr.wikipedia.org/wiki/Arnold_Reymond
1000,Karl Sudhoff,51.3406321,12.3747329,Allemagne,1853-11-26,1938-08-10,,6,1928-08-17,Homme,de la medecine,,https://fr.wikipedia.org/wiki/Karl_Sudhoff
1001,Quido Vetter,47.59397,14.12456,Tchecoslovaquie,1881-05-06,1960-10-20,1929-05-21,33,1933-06-02,Homme,des mathematiques,,https://de.wikipedia.org/wiki/Quido_Vetter
1003,Pierre Sergescu,44.4361414,26.1027202,Roumanie,1893-12-17,1954-12-21,1934-03-02,41,1935-04-03,Homme,de l'art,,https://fr.wikipedia.org/wiki/Petre_Sergescu
1004,Eberhard Knobloch,50.11056,8.68222,Allemagne,1943-06-11,,1984-11-09,249,1988-11-09,Homme,traducteur,,https://fr.wikipedia.org/wiki/Eberhard_Knobloch
1005,Aldo Mieli,41.8933203,12.4829321,Italie,1879-04-12,1950-02-16,,1,1928-08-17,Homme,de la chimie,,https://fr.wikipedia.org/wiki/Aldo_Mieli
1006,Pierre Costabel,46.603354,1.8883335,France,1912-10-25,1989-11-20,1961-02-20,134,1963-06-26,Homme,de la physique,,https://fr.wikipedia.org/wiki/Pierre_Costabel
1008,Alexandre Koyre,46.603354,1.8883335,France,1892-08-29,1964-04-28,1950-03-15,75,1952-05-03,Homme,philosophe des sciences,,https://fr.wikipedia.org/wiki/Alexandre_Koyr%C3%A9
1011,Efthymios Nicolaidis,38.9953683,21.9877132,Grece,1954-01-01,,2002-05-28,348,2007-01-12,Homme,de la physique,,https://fr.wikipedia.org/wiki/Efthymios_Nicolaidis
1012,Emmanuel Poulle,46.603354,1.8883335,France,1928-08-06,2011-01-08,1969-12-01,215,1981-03-20,Homme,archiviste,,https://fr.wikipedia.org/wiki/Emmanuel_Poulle
1013,John North,51.5074456,-0.1277653,Royaume-Uni,1934-05-19,2008-10-31,1967-12-24,183,1971-01-11,Homme,de l'astronomie,,https://fr.wikipedia.org/wiki/John_North
1014,Ernest Wickersheimer,46.603354,1.8883335,France,1880-12-07,1965-06-08,1929-03-20,27,1930-02-15,Homme,bibliothecaire,,https://fr.wikipedia.org/wiki/Ernest_Wickersheimer
1015,Samuel Dickstein,52.2319581,21.0067249,Pologne,1851-12-05,1939-09-28,1930-02-15,36,1934-02-03,Homme,des mathematiques,,https://fr.wikipedia.org/wiki/Samuel_Dickstein_(math%C3%A9maticien)
1016,George Sarton,39.7837304,-100.445882,Etats Unis,1884-08-31,1956-03-22,,3,1928-02-12,Homme,editeur,,https://fr.wikipedia.org/wiki/George_Sarton
1017,David Smith,39.7837304,-100.445882,Lithuanie,1860-01-21,1944-07-29,,11,1928-06-11,Homme,des mathematiques,,https://fr.wikipedia.org/wiki/David_Eugene_Smith
1018,Julian Ribera y Tarrago,41.3828939,2.1774322,Espagne,1858-02-19,1934-02-05,,19,1928-12-26,Homme,traducteur,,https://fr.wikipedia.org/wiki/Juli%C3%A1n_Ribera_y_Tarrag%C3%B3
1019,Michela Malpangotto,41.8933203,12.4829321,France,1976-10-23,,2015-05-30,438,2019-05-25,Femme,des mathematiques,,https://fr.wikipedia.org/wiki/Michela_Malpangotto
1021,Maurice Crosland,51.5074456,-0.1277653,Royaume-Uni,1931-03-19,2020-08-30,1971-11-01,204,1976-04-05,Homme,de l'astronomie,,https://de.wikipedia.org/wiki/Maurice_Crosland
1028,Roshdi Rashed,30.0443879,31.2357257,France,1936-05-04,,1978-06-21,226,1983-04-15,Homme,des mathematiques,,https://fr.wikipedia.org/wiki/Roshdi_Rashed
1029,Shigeru Nakayama,35.6821936,139.762221,Japon,1928-06-22,2014-10-05,1963-06-26,235,1986-11-30,Homme,de l'astronomie,,https://en.wikipedia.org/wiki/Shigeru_Nakayama
1031,Abdelhamid Ibrahim Sabra,30.0443879,31.2357257,Egypte,1924-08-07,2013-12-18,1976-04-05,229,1984-09-11,Homme,de la physique,,https://fr.wikipedia.org/wiki/Abdelhamid_I._Sabra
1033,Guy Beaujouan,46.603354,1.8883335,France,1925-06-23,2007-05-10,1952-03-05,167,1967-12-24,Homme,conservateur,,https://fr.wikipedia.org/wiki/Guy_Beaujouan
1034,Asot Grigoryan,39.68182601,46.96105957,URSS,1910-03-21,1997-01-01,1960-02-15,141,1963-06-26,Homme,de la physique,,https://fr.wikipedia.org/wiki/Achot_Grigorian
1035,Gerald Holton,39.7837304,-100.445882,Etats Unis,1922-05-23,,1965-06-26,165,1968-08-21,Homme,philosophe des sciences,,https://fr.wikipedia.org/wiki/Gerald_Holton
1036,Christoph J. Scriba,51.1638175,10.4478313,Allemagne,1929-06-10,2013-07-26,1967-12-24,192,1971-01-11,Homme,des mathematiques,,https://fr.wikipedia.org/wiki/Christoph_Scriba
1037,Kurt Vogel,51.1638175,10.4478313,Allemagne,1888-09-30,1985-10-27,1931-02-15,121,1961-02-20,Homme,des mathematiques,,https://fr.wikipedia.org/wiki/Kurt_Vogel
1038,John Murdoch,39.7837304,-100.445882,Etats Unis,1927-10-05,2010-09-16,1967-12-24,199,1974-02-18,Homme,de la medecine,,https://fr.wikipedia.org/wiki/John_E._Murdoch
1039,Semion Mikoulinski,49.4871968,31.2718321,URSS,1919-02-04,1991-03-07,1963-06-26,185,1971-01-11,Homme,de la biologie,,https://fr.wikipedia.org/wiki/Semion_Mikulinski
1040,Nikolaj Figurovskij,59.07303659,42.27264404,URSS,1901-11-24,1986-08-05,2024-08-21,114,1960-02-15,Homme,de la chimie,,https://fr.wikipedia.org/wiki/Nikolaj_Figurovskij
1041,Georges Canguilhem,46.603354,1.8883335,France,1904-04-06,1995-11-09,1958-08-21,108,1960-02-15,Homme,philosophe des sciences,,https://fr.wikipedia.org/wiki/Georges_Canguilhem
1042,Joan Vernet i Gines,41.3828939,2.1774322,Espagne,1923-07-31,2011-07-23,1957-09-11,107,1960-02-15,Homme,traducteur,,https://fr.wikipedia.org/wiki/Joan_Vernet
1045,Marshall Clagett,39.7837304,-100.445882,Etats Unis,1916-01-23,2005-10-21,1957-11-09,94,1958-08-21,Homme,,,https://fr.wikipedia.org/wiki/Marshall_Clagett
1046,Charles Gillispie,39.7837304,-100.445882,Etats Unis,1918-06-08,2015-06-10,1958-08-21,133,1963-06-26,Homme,editeur,,https://fr.wikipedia.org/wiki/Charles_Gillispie
1047,Aydin Sayili,38.9597594,34.9249653,Turquie,1913-02-05,1993-10-15,1957-11-09,126,1961-02-20,Homme,,,https://en.wikipedia.org/wiki/Ayd%C4%B1n_Say%C4%B1l%C4%B1
1048,Marcel Florkin,50.6402809,4.6667145,Belgique,1900-08-15,1979-03-05,1955-07-15,118,1961-02-20,Homme,de la biologie,,https://fr.wikipedia.org/wiki/Marcel_Florkin
1049,Aleksander Birkenmajer,52.2319581,21.0067249,Pologne,1890-08-07,1967-09-30,1929-03-20,56,1947-03-06,Homme,de la philosophie,,https://en.wikipedia.org/wiki/Aleksander_Birkenmajer
1050,Robert Forbes,52.24764975,5.54124685,Pays-Bas,1900-04-21,1973-01-13,1948-03-05,72,1950-03-15,Homme,de la technique,,https://fr.wikipedia.org/wiki/Robert_Jacobus_Forbes
1051,Bohumil Nemec,50.0596288,14.44645927,Yugoslavie,1873-12-03,1966-07-04,1935-04-03,62,1948-01-04,Homme,homme d'etat,,https://cs.wikipedia.org/wiki/Bohumil_N%C4%9Bmec
1052,Douglas Mckie,51.5074456,-0.1277653,Royaume-Uni,1896-07-15,1967-08-20,1947-03-06,70,1949-06-15,Homme,de la chimie,,https://fr.wikipedia.org/wiki/Douglas_McKie
1053,John Fulton,39.7837304,-100.445882,Etats Unis,1899-01-11,1960-05-29,1937-10-03,71,1949-06-15,Homme,de la medecine,,https://fr.wikipedia.org/wiki/John_Farquhar_Fulton
1054,Marie-Therese D'Alverny,46.603354,1.8883335,France,1903-01-25,1991-04-26,1960-02-15,143,1965-06-26,Femme,bibliothecaire,,https://fr.wikipedia.org/wiki/Marie-Th%C3%A9r%C3%A8se_d'Alverny
1055,Armando Cortesao,38.7077507,-9.1365919,Portugal,1891-01-30,1977-11-29,,55,1947-03-06,Homme,de la geographie,,https://fr.wikipedia.org/wiki/Armando_Cortes%C3%A3o
1056,Roberto Almagia,41.8933203,12.4829321,Italie,1884-06-17,1962-05-13,1929-05-21,24,1930-02-15,Homme,de la geographie,,https://it.wikipedia.org/wiki/Roberto_Almagi%C3%A0
1057,Dorothea Singer,51.5074456,-0.1277653,Royaume-Uni,1882-12-17,1964-06-24,,22,1928-12-26,Femme,des mathematiques,,https://fr.wikipedia.org/wiki/Dorothea_Waley_Singer
1058,Gustav Senn,46.7985624,8.2319736,Suisse,1875-09-11,1945-10-07,1935-04-03,44,1937-10-03,Homme,de la biologie,,https://fr.wikipedia.org/wiki/Gustav_Senn
1059,Max Meyerhof,51.1638175,10.4478313,Egypte,1874-03-21,1945-04-20,1929-03-20,29,1931-02-15,Homme,traducteur,,https://de.wikipedia.org/wiki/Max_Meyerhof
1060,Henri-Ernest Sigerist,39.7837304,-100.445882,Suisse,1891-07-04,1957-03-17,,4,1928-08-17,Homme,de la medecine,,https://fr.wikipedia.org/wiki/Henry_Sigerist
1061,Abel Rey,46.603354,1.8883335,France,1873-12-29,1940-01-13,,2,1928-08-17,Homme,philosophe des sciences,,https://fr.wikipedia.org/wiki/Abel_Rey
1062,Florian Cajori,39.7837304,-100.445882,Etats Unis,1859-02-28,1930-08-14,,8,1928-06-11,Homme,des mathematiques,,https://fr.wikipedia.org/wiki/Florian_Cajori
1063,Paul Diepgen,50.11056,8.68222,Allemagne,1878-11-24,1966-02-01,1929-03-20,28,1930-02-15,Homme,de la medecine,,https://en.wikipedia.org/wiki/Paul_Diepgen
1064,Pierre Brunet,46.603354,1.8883335,France,1893-04-24,1950-11-30,1931-02-15,35,1934-02-03,Homme,de la physique,,https://de.wikipedia.org/wiki/Pierre_Brunet_(Wissenschaftshistoriker)
1065,Ubiratan D'Ambrosio,-23.5475,-46.63611,Bresil,1932-08-12,2021-12-05,2010-04-12,403,2015-05-30,Homme,des mathematiques,,https://fr.wikipedia.org/wiki/Ubirat%C3%A0n_D%27Ambrosio
1067,Robert Halleux,50.6402809,4.6667145,Belgique,1946-08-18,,1981-03-20,236,1986-11-30,Homme,de la chimie,,https://fr.wikipedia.org/wiki/Robert_Halleux
1068,Michel Blay,46.603354,1.8883335,France,1948-05-13,,1993-10-09,294,1999-05-05,Homme,philosophe des sciences,,https://fr.wikipedia.org/wiki/Michel_Blay
1074,Maurice Daumas,46.603354,1.8883335,France,1910-12-19,1984-03-18,1957-09-11,92,1958-08-21,Homme,de la technique,,https://fr.wikipedia.org/wiki/Maurice_Daumas_(chimiste)
1189,Brigitte Hoppe,51.1638175,10.4478313,Allemagne,1935-03-17,,1983-04-15,299,2002-03-28,Femme,de la biologie,,https://de.wikipedia.org/wiki/Brigitte_Hoppe
1193,Christoph Meinel,51.1638175,10.4478313,Allemagne,1949-11-28,,1993-09-10,326,2005-12-28,Homme,editeur,,https://en.wikipedia.org/wiki/Christoph_Meinel
